date,max_temp,precipitation,root_zone_moisture,deep_soil_moisture,rolling_rain_14d,drought_risk_label
2024-01-01,14.3,0.0,0.275,0.152,0.0,0
2024-01-02,12.4,0.0,0.274,0.154,0.0,0
2024-01-03,12.0,3.4,0.272,0.154,3.4,0
2024-01-04,14.1,2.8,0.27,0.154,6.199999999999999,0
2024-01-05,15.4,14.8,0.274,0.154,21.0,0
2024-01-06,15.9,0.0,0.287,0.154,21.0,0
2024-01-07,14.3,0.0,0.288,0.153,21.0,0
2024-01-08,15.4,0.0,0.286,0.156,21.0,0
2024-01-09,15.1,0.0,0.284,0.157,21.0,0
2024-01-10,14.2,0.0,0.28,0.155,21.0,0
2024-01-11,13.3,17.6,0.282,0.155,38.6,0
2024-01-12,12.2,6.8,0.293,0.156,45.4,0
2024-01-13,10.9,15.8,0.329,0.158,61.2,0
2024-01-14,13.0,2.1,0.375,0.164,63.300000000000004,0
2024-01-15,10.9,0.0,0.362,0.17,63.300000000000004,0
2024-01-16,14.0,2.4,0.345,0.173,65.7,0
2024-01-17,14.7,0.0,0.335,0.176,62.300000000000004,0
2024-01-18,16.6,0.0,0.324,0.178,59.5,0
2024-01-19,16.5,0.0,0.318,0.179,44.7,0
2024-01-20,16.6,0.0,0.312,0.181,44.7,0
2024-01-21,16.5,0.9,0.305,0.182,45.6,0
2024-01-22,14.5,8.9,0.308,0.183,54.5,0
2024-01-23,15.1,3.5,0.309,0.184,58.0,0
2024-01-24,13.2,0.1,0.311,0.185,58.1,0
2024-01-25,12.2,0.0,0.31,0.186,40.5,0
2024-01-26,11.7,15.3,0.314,0.188,49.00000000000001,0
2024-01-27,10.7,2.1,0.335,0.189,35.300000000000004,0
2024-01-28,10.6,0.0,0.334,0.19,33.2,0
2024-01-29,9.2,1.1,0.329,0.193,34.3,0
2024-01-30,11.3,1.0,0.321,0.194,32.9,0
2024-01-31,11.8,0.0,0.314,0.195,32.9,0
2024-02-01,12.2,0.0,0.309,0.197,32.9,0
2024-02-02,11.6,0.0,0.302,0.198,32.9,0
2024-02-03,11.8,0.0,0.294,0.197,32.9,0
2024-02-04,8.3,6.4,0.297,0.198,38.400000000000006,0
2024-02-05,9.3,9.7,0.317,0.199,39.2,0
2024-02-06,12.5,0.0,0.338,0.201,35.7,0
2024-02-07,14.1,0.0,0.335,0.203,35.599999999999994,0
2024-02-08,16.2,0.5,0.332,0.205,36.099999999999994,0
2024-02-09,16.9,0.0,0.326,0.207,20.8,0
2024-02-10,16.5,1.4,0.319,0.208,20.099999999999998,0
2024-02-11,18.7,0.0,0.316,0.211,20.099999999999998,0
2024-02-12,18.8,0.0,0.31,0.211,18.999999999999996,0
2024-02-13,18.1,0.0,0.305,0.211,17.999999999999996,0
2024-02-14,14.7,67.8,0.35,0.213,85.8,0
2024-02-15,16.9,1.4,0.348,0.214,87.2,0
2024-02-16,15.0,4.3,0.353,0.218,91.5,0
2024-02-17,14.6,1.5,0.361,0.222,93.0,0
2024-02-18,15.2,1.2,0.357,0.225,87.8,0
2024-02-19,15.0,3.0,0.351,0.228,81.10000000000001,0
2024-02-20,15.2,0.1,0.343,0.23,81.2,0
2024-02-21,15.1,0.8,0.334,0.231,82.0,0
2024-02-22,16.1,0.1,0.327,0.234,81.60000000000001,0
2024-02-23,15.9,0.3,0.319,0.233,81.9,0
2024-02-24,16.7,0.0,0.311,0.233,80.5,0
2024-02-25,18.8,0.0,0.303,0.232,80.5,0
2024-02-26,12.6,0.0,0.294,0.232,80.5,0
2024-02-27,14.5,0.0,0.283,0.23,80.5,0
2024-02-28,15.5,0.0,0.269,0.227,12.7,0
2024-02-29,15.7,0.0,0.26,0.227,11.299999999999999,0
2024-03-01,16.1,0.0,0.254,0.227,7.0,0
2024-03-02,15.2,0.0,0.248,0.225,5.5,0
2024-03-03,14.8,2.9,0.241,0.223,7.2,0
2024-03-04,17.1,0.0,0.237,0.223,4.2,0
2024-03-05,18.6,0.0,0.232,0.222,4.1000000000000005,0
2024-03-06,21.7,0.1,0.223,0.22,3.4000000000000004,0
2024-03-07,17.8,0.0,0.216,0.218,3.3000000000000003,0
2024-03-08,18.0,0.0,0.208,0.216,3.0,0
2024-03-09,12.6,22.0,0.209,0.214,25.0,0
2024-03-10,15.6,2.3,0.216,0.214,27.3,0
2024-03-11,17.5,0.0,0.224,0.213,27.3,0
2024-03-12,18.2,0.0,0.225,0.212,27.3,0
2024-03-13,19.8,0.0,0.223,0.211,27.3,0
2024-03-14,23.0,0.0,0.22,0.21,27.3,0
2024-03-15,20.4,0.3,0.217,0.208,27.6,0
2024-03-16,18.6,0.2,0.212,0.207,27.8,0
2024-03-17,22.1,0.4,0.21,0.206,25.3,0
2024-03-18,16.5,20.7,0.21,0.205,46.0,0
2024-03-19,17.1,0.3,0.214,0.205,46.3,0
2024-03-20,18.7,1.8,0.22,0.204,48.0,0
2024-03-21,19.1,1.2,0.217,0.205,49.199999999999996,0
2024-03-22,17.6,10.1,0.22,0.204,59.3,0
2024-03-23,14.8,4.7,0.231,0.203,42.0,0
2024-03-24,16.1,0.0,0.238,0.203,39.7,0
2024-03-25,18.3,0.0,0.239,0.203,39.7,0
2024-03-26,15.9,7.0,0.236,0.201,46.7,0
2024-03-27,18.3,0.0,0.241,0.2,46.7,0
2024-03-28,19.8,1.8,0.242,0.198,48.5,0
2024-03-29,23.0,0.0,0.24,0.197,48.199999999999996,0
2024-03-30,26.5,0.0,0.236,0.196,48.0,0
2024-03-31,26.7,0.0,0.23,0.194,47.599999999999994,0
2024-04-01,27.6,0.0,0.224,0.193,26.900000000000002,0
2024-04-02,27.8,0.0,0.218,0.192,26.6,0
2024-04-03,28.4,0.0,0.211,0.191,24.8,0
2024-04-04,29.1,0.0,0.206,0.19,23.6,0
2024-04-05,27.5,0.0,0.201,0.189,13.5,0
2024-04-06,28.0,0.0,0.194,0.188,8.8,0
2024-04-07,27.2,0.1,0.188,0.185,8.9,0
2024-04-08,25.2,1.7,0.179,0.181,10.6,0
2024-04-09,20.4,13.5,0.179,0.182,17.1,0
2024-04-10,21.4,1.5,0.193,0.186,18.6,0
2024-04-11,23.3,0.0,0.196,0.184,16.8,0
2024-04-12,24.1,0.0,0.193,0.182,16.8,0
2024-04-13,25.8,0.0,0.19,0.181,16.8,0
2024-04-14,25.4,0.1,0.186,0.18,16.900000000000002,0
2024-04-15,25.0,0.0,0.185,0.179,16.900000000000002,0
2024-04-16,29.0,0.0,0.185,0.178,16.900000000000002,0
2024-04-17,29.4,0.0,0.181,0.176,16.900000000000002,0
2024-04-18,32.0,0.0,0.179,0.175,16.900000000000002,0
2024-04-19,29.6,0.0,0.173,0.173,16.900000000000002,0
2024-04-20,29.7,0.0,0.171,0.173,16.900000000000002,0
2024-04-21,29.2,0.0,0.167,0.172,16.800000000000004,0
2024-04-22,28.6,0.0,0.162,0.168,15.100000000000001,0
2024-04-23,32.9,0.0,0.159,0.166,1.6000000000000019,0
2024-04-24,33.1,0.0,0.158,0.166,0.10000000000000178,0
2024-04-25,33.9,0.0,0.154,0.165,0.10000000000000178,0
2024-04-26,34.4,0.0,0.151,0.165,0.10000000000000178,1
2024-04-27,35.6,0.0,0.15,0.164,0.10000000000000178,1
2024-04-28,37.4,0.0,0.146,0.163,0.0,1
2024-04-29,35.9,0.0,0.145,0.162,0.0,1
2024-04-30,30.5,2.7,0.144,0.161,2.700000000000002,0
2024-05-01,27.2,6.5,0.143,0.16,9.200000000000003,0
2024-05-02,26.9,2.6,0.14,0.155,11.800000000000002,0
2024-05-03,26.4,5.1,0.139,0.154,16.900000000000002,0
2024-05-04,27.4,0.3,0.14,0.153,17.200000000000003,0
2024-05-05,25.7,0.0,0.136,0.148,17.200000000000003,0
2024-05-06,24.7,0.0,0.129,0.14,17.200000000000003,0
2024-05-07,23.9,0.3,0.128,0.134,17.500000000000004,0
2024-05-08,26.7,0.0,0.128,0.131,17.500000000000004,0
2024-05-09,29.7,0.0,0.128,0.131,17.500000000000004,0
2024-05-10,33.4,0.1,0.128,0.131,17.6,0
2024-05-11,33.1,1.5,0.128,0.131,19.1,0
2024-05-12,30.9,0.0,0.128,0.131,19.1,0
2024-05-13,27.4,0.9,0.128,0.131,20.000000000000004,0
2024-05-14,28.5,0.0,0.128,0.131,17.300000000000004,0
2024-05-15,30.1,0.0,0.128,0.131,10.800000000000002,0
2024-05-16,31.1,0.0,0.127,0.131,8.200000000000001,0
2024-05-17,32.8,0.0,0.127,0.131,3.100000000000002,0
2024-05-18,32.8,0.0,0.127,0.131,2.800000000000002,0
2024-05-19,35.1,0.0,0.127,0.131,2.800000000000002,1
2024-05-20,35.9,0.0,0.127,0.131,2.800000000000002,1
2024-05-21,36.2,0.0,0.127,0.131,2.5000000000000018,1
2024-05-22,35.5,0.0,0.127,0.131,2.5000000000000018,1
2024-05-23,35.8,0.1,0.127,0.131,2.600000000000002,1
2024-05-24,35.1,0.0,0.127,0.131,2.5000000000000018,1
2024-05-25,30.1,0.0,0.127,0.131,1.0000000000000018,0
2024-05-26,31.3,0.0,0.127,0.131,1.0000000000000018,0
2024-05-27,35.2,0.1,0.126,0.131,0.2000000000000018,1
2024-05-28,36.3,0.0,0.126,0.131,0.2000000000000018,1
2024-05-29,36.7,0.0,0.126,0.131,0.2000000000000018,1
2024-05-30,39.0,0.0,0.126,0.131,0.2000000000000018,1
2024-05-31,34.0,0.0,0.126,0.131,0.2000000000000018,0
2024-06-01,35.9,0.0,0.126,0.131,0.2000000000000018,1
2024-06-02,38.7,0.0,0.126,0.131,0.2000000000000018,1
2024-06-03,40.6,0.0,0.126,0.131,0.2000000000000018,1
2024-06-04,41.1,0.0,0.126,0.131,0.2000000000000018,1
2024-06-05,42.6,0.0,0.126,0.131,0.2000000000000018,1
2024-06-06,41.7,0.0,0.126,0.131,0.10000000000000178,1
2024-06-07,43.4,0.0,0.126,0.131,0.10000000000000178,1
2024-06-08,42.9,0.0,0.126,0.131,0.10000000000000178,1
2024-06-09,40.8,0.0,0.126,0.131,0.10000000000000178,1
2024-06-10,39.5,0.0,0.126,0.131,0.0,1
2024-06-11,38.8,0.0,0.126,0.131,0.0,1
2024-06-12,41.5,0.0,0.126,0.131,0.0,1
2024-06-13,43.1,0.0,0.126,0.131,0.0,1
2024-06-14,42.6,0.0,0.126,0.131,0.0,1
2024-06-15,43.7,0.0,0.126,0.131,0.0,1
2024-06-16,41.9,0.0,0.125,0.131,0.0,1
2024-06-17,42.3,0.0,0.125,0.131,0.0,1
2024-06-18,43.6,0.0,0.125,0.131,0.0,1
2024-06-19,45.0,0.0,0.125,0.131,0.0,1
2024-06-20,45.2,0.0,0.125,0.131,0.0,1
2024-06-21,44.4,0.0,0.125,0.131,0.0,1
2024-06-22,44.3,0.0,0.125,0.131,0.0,1
2024-06-23,41.3,0.0,0.125,0.131,0.0,1
2024-06-24,42.6,0.0,0.125,0.131,0.0,1
2024-06-25,43.5,0.0,0.125,0.131,0.0,1
2024-06-26,44.3,0.0,0.125,0.131,0.0,1
2024-06-27,41.9,0.0,0.125,0.131,0.0,1
2024-06-28,42.6,0.0,0.125,0.131,0.0,1
2024-06-29,42.0,0.0,0.125,0.131,0.0,1
2024-06-30,40.6,0.0,0.125,0.131,0.0,1
2024-07-01,39.2,0.0,0.125,0.131,0.0,1
2024-07-02,38.0,0.0,0.125,0.131,0.0,1
2024-07-03,39.6,0.0,0.125,0.131,0.0,1
2024-07-04,42.1,0.0,0.125,0.131,0.0,1
2024-07-05,42.1,0.0,0.125,0.131,0.0,1
2024-07-06,39.6,0.0,0.125,0.131,0.0,1
2024-07-07,40.8,0.0,0.125,0.131,0.0,1
2024-07-08,42.0,0.0,0.125,0.131,0.0,1
2024-07-09,43.1,0.0,0.125,0.131,0.0,1
2024-07-10,43.1,0.0,0.125,0.131,0.0,1
2024-07-11,44.7,0.0,0.125,0.131,0.0,1
2024-07-12,42.7,0.0,0.125,0.131,0.0,1
2024-07-13,42.9,0.0,0.125,0.131,0.0,1
2024-07-14,42.1,0.0,0.125,0.131,0.0,1
2024-07-15,42.4,0.0,0.125,0.131,0.0,1
2024-07-16,42.5,0.0,0.125,0.131,0.0,1
2024-07-17,42.7,0.0,0.125,0.131,0.0,1
2024-07-18,42.9,0.0,0.124,0.131,0.0,1
2024-07-19,43.7,0.0,0.124,0.131,0.0,1
2024-07-20,41.7,0.0,0.124,0.131,0.0,1
2024-07-21,42.7,0.0,0.124,0.131,0.0,1
2024-07-22,43.6,0.0,0.124,0.131,0.0,1
2024-07-23,44.3,0.0,0.124,0.131,0.0,1
2024-07-24,44.8,0.0,0.124,0.131,0.0,1
2024-07-25,42.4,0.0,0.124,0.131,0.0,1
2024-07-26,40.7,0.0,0.124,0.131,0.0,1
2024-07-27,41.6,0.0,0.124,0.131,0.0,1
2024-07-28,42.3,0.0,0.124,0.131,0.0,1
2024-07-29,43.5,0.0,0.124,0.131,0.0,1
2024-07-30,42.8,0.0,0.124,0.131,0.0,1
2024-07-31,41.4,0.0,0.124,0.131,0.0,1
2024-08-01,42.6,0.0,0.124,0.131,0.0,1
2024-08-02,41.8,0.0,0.124,0.131,0.0,1
2024-08-03,41.4,0.0,0.124,0.131,0.0,1
2024-08-04,42.5,0.0,0.124,0.131,0.0,1
2024-08-05,43.8,0.0,0.124,0.131,0.0,1
2024-08-06,44.7,0.0,0.124,0.131,0.0,1
2024-08-07,43.6,0.0,0.124,0.131,0.0,1
2024-08-08,43.7,0.0,0.124,0.131,0.0,1
2024-08-09,43.3,0.0,0.124,0.131,0.0,1
2024-08-10,43.0,0.0,0.124,0.131,0.0,1
2024-08-11,43.8,0.0,0.124,0.131,0.0,1
2024-08-12,41.1,0.0,0.124,0.131,0.0,1
2024-08-13,42.9,0.0,0.124,0.131,0.0,1
2024-08-14,43.5,0.0,0.124,0.131,0.0,1
2024-08-15,43.6,0.0,0.124,0.131,0.0,1
2024-08-16,42.9,0.0,0.124,0.131,0.0,1
2024-08-17,38.8,0.0,0.124,0.131,0.0,1
2024-08-18,41.5,0.0,0.124,0.131,0.0,1
2024-08-19,43.1,0.0,0.124,0.131,0.0,1
2024-08-20,42.0,0.0,0.123,0.131,0.0,1
2024-08-21,44.1,0.0,0.123,0.131,0.0,1
2024-08-22,42.6,0.0,0.123,0.131,0.0,1
2024-08-23,42.7,0.0,0.123,0.131,0.0,1
2024-08-24,41.8,0.0,0.123,0.131,0.0,1
2024-08-25,38.3,0.0,0.123,0.131,0.0,1
2024-08-26,38.9,0.0,0.123,0.131,0.0,1
2024-08-27,40.5,0.0,0.123,0.131,0.0,1
2024-08-28,39.0,0.0,0.123,0.131,0.0,1
2024-08-29,40.2,0.0,0.123,0.131,0.0,1
2024-08-30,38.0,0.0,0.123,0.131,0.0,1
2024-08-31,39.8,0.0,0.123,0.131,0.0,1
2024-09-01,37.6,0.0,0.123,0.131,0.0,1
2024-09-02,36.6,0.0,0.123,0.131,0.0,1
2024-09-03,36.8,0.0,0.123,0.131,0.0,1
2024-09-04,36.8,0.0,0.123,0.131,0.0,1
2024-09-05,37.4,0.0,0.123,0.131,0.0,1
2024-09-06,38.3,0.0,0.123,0.131,0.0,1
2024-09-07,38.8,0.0,0.123,0.131,0.0,1
2024-09-08,38.9,0.0,0.123,0.131,0.0,1
2024-09-09,41.2,0.0,0.123,0.131,0.0,1
2024-09-10,42.2,0.0,0.123,0.131,0.0,1
2024-09-11,39.7,0.0,0.123,0.131,0.0,1
2024-09-12,36.7,0.0,0.123,0.131,0.0,1
2024-09-13,38.3,0.0,0.123,0.131,0.0,1
2024-09-14,38.6,0.0,0.123,0.131,0.0,1
2024-09-15,38.7,0.0,0.123,0.131,0.0,1
2024-09-16,34.1,0.0,0.123,0.131,0.0,1
2024-09-17,32.3,0.0,0.123,0.131,0.0,0
2024-09-18,33.6,0.0,0.123,0.131,0.0,0
2024-09-19,34.0,0.0,0.123,0.131,0.0,0
2024-09-20,32.4,0.1,0.123,0.131,0.10000000000000178,0
2024-09-21,32.3,0.0,0.123,0.131,0.10000000000000178,0
2024-09-22,32.2,0.4,0.122,0.131,0.5000000000000018,0
2024-09-23,30.8,0.0,0.122,0.131,0.5000000000000018,0
2024-09-24,31.8,0.0,0.122,0.131,0.5000000000000018,0
2024-09-25,33.8,0.0,0.122,0.131,0.5000000000000018,0
2024-09-26,35.7,0.0,0.122,0.131,0.5000000000000018,1
2024-09-27,35.9,0.0,0.122,0.131,0.5000000000000018,1
2024-09-28,34.9,0.0,0.122,0.131,0.5000000000000018,1
2024-09-29,33.5,0.0,0.122,0.131,0.5000000000000018,0
2024-09-30,34.2,0.0,0.122,0.131,0.5000000000000018,1
2024-10-01,32.7,0.0,0.122,0.131,0.5000000000000018,0
2024-10-02,29.4,0.0,0.122,0.131,0.5000000000000018,0
2024-10-03,29.6,0.0,0.122,0.131,0.5000000000000018,0
2024-10-04,31.2,0.0,0.122,0.131,0.4000000000000018,0
2024-10-05,33.6,0.0,0.122,0.131,0.4000000000000018,0
2024-10-06,33.5,0.0,0.122,0.131,0.0,0
2024-10-07,34.6,0.0,0.122,0.131,0.0,1
2024-10-08,34.8,0.0,0.123,0.131,0.0,1
2024-10-09,35.1,0.0,0.123,0.131,0.0,1
2024-10-10,34.7,0.0,0.123,0.131,0.0,1
2024-10-11,32.3,0.0,0.123,0.131,0.0,0
2024-10-12,32.6,0.0,0.123,0.131,0.0,0
2024-10-13,33.3,0.0,0.123,0.131,0.0,0
2024-10-14,32.9,0.0,0.123,0.131,0.0,0
2024-10-15,33.0,0.0,0.123,0.131,0.0,0
2024-10-16,32.6,0.0,0.123,0.131,0.0,0
2024-10-17,31.2,0.3,0.123,0.131,0.30000000000000177,0
2024-10-18,23.7,0.0,0.123,0.131,0.30000000000000177,0
2024-10-19,22.5,0.0,0.123,0.132,0.30000000000000177,0
2024-10-20,21.5,0.0,0.123,0.132,0.30000000000000177,0
2024-10-21,22.1,0.0,0.123,0.132,0.30000000000000177,0
2024-10-22,20.9,0.0,0.123,0.132,0.30000000000000177,0
2024-10-23,22.1,0.0,0.123,0.132,0.30000000000000177,0
2024-10-24,22.7,0.0,0.123,0.132,0.30000000000000177,0
2024-10-25,23.5,0.0,0.123,0.132,0.30000000000000177,0
2024-10-26,23.7,0.0,0.123,0.132,0.30000000000000177,0
2024-10-27,23.9,0.0,0.123,0.132,0.30000000000000177,0
2024-10-28,23.9,0.0,0.123,0.132,0.30000000000000177,0
2024-10-29,23.8,0.0,0.123,0.132,0.30000000000000177,0
2024-10-30,23.9,0.0,0.123,0.132,0.30000000000000177,0
2024-10-31,24.0,0.0,0.123,0.132,0.0,0
2024-11-01,25.4,0.0,0.123,0.132,0.0,0
2024-11-02,24.7,0.0,0.123,0.132,0.0,0
2024-11-03,17.7,17.3,0.141,0.132,17.300000000000004,0
2024-11-04,19.9,0.1,0.17,0.132,17.400000000000002,0
2024-11-05,19.5,0.8,0.178,0.132,18.2,0
2024-11-06,19.8,0.0,0.184,0.132,18.2,0
2024-11-07,21.0,0.0,0.183,0.132,18.2,0
2024-11-08,21.3,0.0,0.182,0.132,18.2,0
2024-11-09,21.4,0.0,0.179,0.132,18.2,0
2024-11-10,21.8,0.0,0.177,0.132,18.2,0
2024-11-11,20.1,3.8,0.171,0.132,22.0,0
2024-11-12,21.8,0.0,0.204,0.193,22.0,0
2024-11-13,20.9,0.0,0.267,0.313,22.0,0
2024-11-14,21.3,0.0,0.265,0.318,22.0,0
2024-11-15,19.3,0.0,0.265,0.321,22.0,0
2024-11-16,19.7,0.0,0.256,0.321,22.0,0
2024-11-17,20.8,0.0,0.239,0.319,4.699999999999999,0
2024-11-18,21.0,1.7,0.231,0.316,6.3,0
2024-11-19,19.0,0.0,0.229,0.298,5.499999999999999,0
2024-11-20,18.9,0.1,0.222,0.291,5.6,0
2024-11-21,20.2,0.0,0.218,0.298,5.6,0
2024-11-22,20.4,0.0,0.217,0.3,5.6,0
2024-11-23,21.1,0.0,0.208,0.291,5.6,0
2024-11-24,19.9,8.2,0.193,0.274,13.799999999999999,0
2024-11-25,11.2,0.0,0.19,0.274,10.0,0
2024-11-26,9.8,1.4,0.199,0.279,11.4,0
2024-11-27,11.2,0.0,0.206,0.283,11.4,0
2024-11-28,11.8,0.0,0.21,0.286,11.4,0
2024-11-29,11.2,0.0,0.213,0.287,11.4,0
2024-11-30,12.7,0.0,0.217,0.287,11.4,0
2024-12-01,13.9,0.0,0.217,0.284,11.4,0
2024-12-02,14.5,0.0,0.213,0.262,9.7,0
2024-12-03,14.0,0.0,0.207,0.244,9.7,0
2024-12-04,13.9,0.0,0.203,0.238,9.6,0
2024-12-05,15.9,0.0,0.203,0.238,9.6,0
2024-12-06,16.8,0.0,0.209,0.254,9.6,0
2024-12-07,16.1,0.0,0.207,0.259,9.6,0
2024-12-08,16.9,0.0,0.213,0.263,1.4,0
2024-12-09,17.3,0.0,0.216,0.259,1.4,0
2024-12-10,17.8,0.0,0.204,0.247,0.0,0
2024-12-11,17.8,0.0,0.196,0.24,0.0,0
2024-12-12,16.2,0.0,0.195,0.241,0.0,0
2024-12-13,15.1,0.1,0.187,0.246,0.1,0
2024-12-14,9.7,0.0,0.177,0.242,0.1,0
2024-12-15,9.9,0.0,0.167,0.236,0.1,0
2024-12-16,10.4,0.0,0.165,0.235,0.1,0
2024-12-17,12.4,0.0,0.158,0.231,0.1,0
2024-12-18,13.1,0.0,0.149,0.224,0.1,0
2024-12-19,13.3,0.0,0.14,0.211,0.1,0
2024-12-20,6.6,2.1,0.136,0.203,2.2,0
2024-12-21,14.5,0.0,0.139,0.199,2.2,0
2024-12-22,12.3,2.0,0.143,0.194,4.2,0
2024-12-23,13.6,2.7,0.154,0.197,6.9,0
2024-12-24,15.5,0.0,0.151,0.187,6.9,0
2024-12-25,15.4,0.0,0.148,0.183,6.9,0
2024-12-26,15.4,0.9,0.147,0.186,7.800000000000001,0
2024-12-27,14.0,7.0,0.137,0.188,14.700000000000001,0
2024-12-28,10.8,1.9,0.132,0.183,16.6,0
2024-12-29,12.9,0.0,0.132,0.185,16.6,0
2024-12-30,14.1,1.3,0.132,0.188,17.900000000000002,0
2024-12-31,14.4,0.8,0.132,0.189,18.700000000000003,0
2025-01-01,13.7,0.0,0.132,0.181,18.700000000000003,0
2025-01-02,13.5,0.0,0.131,0.164,18.700000000000003,0
2025-01-03,13.2,0.0,0.132,0.137,16.6,0
2025-01-04,11.2,0.0,0.131,0.133,16.6,0
2025-01-05,11.3,0.0,0.131,0.133,14.6,0
2025-01-06,13.8,0.0,0.131,0.133,11.9,0
2025-01-07,15.1,0.0,0.131,0.133,11.9,0
2025-01-08,15.5,0.0,0.131,0.133,11.9,0
2025-01-09,16.3,0.0,0.131,0.133,11.0,0
2025-01-10,16.4,0.0,0.131,0.133,4.0,0
2025-01-11,8.5,10.7,0.131,0.133,12.799999999999999,0
2025-01-12,14.6,0.0,0.131,0.133,12.799999999999999,0
2025-01-13,15.8,0.0,0.131,0.133,11.499999999999998,0
2025-01-14,16.2,0.0,0.131,0.133,10.7,0
2025-01-15,15.5,0.0,0.131,0.133,10.7,0
2025-01-16,15.0,0.0,0.131,0.133,10.7,0
2025-01-17,17.2,0.0,0.131,0.133,10.7,0
2025-01-18,15.8,0.0,0.13,0.133,10.7,0
2025-01-19,15.1,0.0,0.13,0.133,10.7,0
2025-01-20,15.0,0.0,0.13,0.133,10.7,0
2025-01-21,13.8,0.0,0.13,0.133,10.7,0
2025-01-22,12.6,0.0,0.13,0.133,10.7,0
2025-01-23,10.2,0.3,0.13,0.133,11.0,0
2025-01-24,13.9,1.3,0.129,0.133,12.299999999999999,0
2025-01-25,14.1,0.1,0.129,0.133,1.7000000000000002,0
2025-01-26,15.5,0.0,0.129,0.133,1.7000000000000002,0
2025-01-27,15.3,0.0,0.129,0.133,1.7000000000000002,0
2025-01-28,16.3,0.0,0.129,0.133,1.7000000000000002,0
2025-01-29,16.8,0.0,0.129,0.133,1.7000000000000002,0
2025-01-30,16.7,0.0,0.129,0.132,1.7000000000000002,0
2025-01-31,16.4,0.0,0.129,0.133,1.7000000000000002,0
2025-02-01,17.7,0.0,0.129,0.133,1.7000000000000002,0
2025-02-02,18.0,0.0,0.129,0.132,1.7000000000000002,0
2025-02-03,17.3,0.0,0.128,0.133,1.7000000000000002,0
2025-02-04,17.0,0.0,0.128,0.133,1.7000000000000002,0
2025-02-05,17.4,0.0,0.128,0.133,1.7000000000000002,0
2025-02-06,10.1,1.4,0.128,0.133,2.8,0
2025-02-07,13.1,8.2,0.128,0.132,9.7,0
2025-02-08,12.4,7.1,0.13,0.132,16.7,0
2025-02-09,11.1,8.1,0.137,0.132,24.799999999999997,0
2025-02-10,11.3,13.9,0.145,0.132,38.7,0
2025-02-11,9.8,5.8,0.149,0.132,44.5,0
2025-02-12,13.8,0.7,0.164,0.132,45.199999999999996,0
2025-02-13,12.5,1.7,0.188,0.132,46.9,0
2025-02-14,10.2,1.6,0.194,0.132,48.5,0
2025-02-15,12.7,0.0,0.201,0.132,48.5,0
2025-02-16,13.5,0.0,0.204,0.132,48.5,0
2025-02-17,14.6,0.0,0.206,0.131,48.5,0
2025-02-18,15.2,0.0,0.206,0.131,48.5,0
2025-02-19,14.3,5.1,0.203,0.132,53.6,0
2025-02-20,13.7,26.4,0.207,0.132,78.6,0
2025-02-21,8.7,0.0,0.203,0.132,70.39999999999999,0
2025-02-22,6.2,0.0,0.202,0.132,63.3,0
2025-02-23,5.2,0.0,0.2,0.132,55.2,0
2025-02-24,6.9,0.1,0.2,0.132,41.39999999999999,0
2025-02-25,6.2,0.0,0.199,0.132,35.599999999999994,0
2025-02-26,9.0,0.0,0.199,0.132,34.9,0
2025-02-27,11.0,0.0,0.193,0.132,33.199999999999996,0
2025-02-28,13.4,0.0,0.179,0.132,31.599999999999998,0
2025-03-01,13.6,0.0,0.177,0.132,31.599999999999998,0
2025-03-02,15.2,0.0,0.165,0.132,31.599999999999998,0
2025-03-03,16.7,0.0,0.154,0.132,31.599999999999998,0
2025-03-04,19.0,0.0,0.144,0.132,31.599999999999998,0
2025-03-05,20.2,0.0,0.133,0.132,26.5,0
2025-03-06,21.0,0.0,0.13,0.132,0.1,0
2025-03-07,23.9,0.0,0.13,0.132,0.1,0
2025-03-08,19.0,4.7,0.13,0.132,4.8,0
2025-03-09,23.0,0.0,0.129,0.132,4.8,0
2025-03-10,22.4,0.0,0.129,0.132,4.7,0
2025-03-11,23.4,0.0,0.129,0.132,4.7,0
2025-03-12,25.1,0.0,0.129,0.132,4.7,0
2025-03-13,26.2,0.0,0.129,0.132,4.7,0
2025-03-14,26.3,0.0,0.135,0.138,4.7,0
2025-03-15,28.6,0.0,0.133,0.138,4.7,0
2025-03-16,29.7,0.0,0.133,0.138,4.7,0
2025-03-17,28.9,0.0,0.133,0.14,4.7,0
2025-03-18,27.2,1.1,0.133,0.141,5.800000000000001,0
2025-03-19,24.0,2.9,0.131,0.134,8.7,0
2025-03-20,17.9,2.3,0.129,0.132,11.0,0
2025-03-21,14.7,1.0,0.129,0.132,12.0,0
2025-03-22,15.0,0.2,0.129,0.132,7.5,0
2025-03-23,18.8,0.0,0.129,0.132,7.5,0
2025-03-24,21.9,0.0,0.128,0.132,7.5,0
2025-03-25,25.4,0.0,0.128,0.132,7.5,0
2025-03-26,28.2,0.0,0.128,0.132,7.5,0
2025-03-27,28.8,0.0,0.128,0.132,7.5,0
2025-03-28,30.0,0.0,0.128,0.132,7.5,0
2025-03-29,29.0,0.0,0.128,0.132,7.5,0
2025-03-30,27.0,8.5,0.128,0.132,16.0,0
2025-03-31,22.7,0.7,0.128,0.132,16.7,0
2025-04-01,24.2,0.0,0.128,0.132,15.6,0
2025-04-02,23.6,4.3,0.128,0.132,17.0,0
2025-04-03,22.5,0.0,0.128,0.132,14.7,0
2025-04-04,25.8,0.0,0.128,0.132,13.7,0
2025-04-05,24.0,0.9,0.128,0.132,14.4,0
2025-04-06,26.9,0.7,0.128,0.132,15.1,0
2025-04-07,32.0,0.0,0.128,0.132,15.1,0
2025-04-08,27.9,0.0,0.128,0.132,15.1,0
2025-04-09,33.7,1.0,0.127,0.132,16.1,0
2025-04-10,21.9,0.2,0.127,0.132,16.3,0
2025-04-11,19.5,0.8,0.127,0.132,17.1,0
2025-04-12,19.6,0.5,0.127,0.132,17.6,0
2025-04-13,16.8,1.5,0.127,0.132,10.6,0
2025-04-14,19.4,4.7,0.127,0.132,14.600000000000001,0
2025-04-15,16.0,0.3,0.127,0.132,14.900000000000002,0
2025-04-16,18.4,0.0,0.128,0.132,10.600000000000001,0
2025-04-17,23.2,0.0,0.128,0.132,10.600000000000001,0
2025-04-18,26.8,0.0,0.128,0.132,10.600000000000001,0
2025-04-19,28.2,0.0,0.127,0.132,9.700000000000001,0
2025-04-20,32.0,0.0,0.127,0.132,9.000000000000002,0
2025-04-21,32.2,0.0,0.127,0.132,9.000000000000002,0
2025-04-22,33.4,0.0,0.127,0.132,9.000000000000002,0
2025-04-23,33.5,0.9,0.127,0.132,8.9,0
2025-04-24,30.2,0.0,0.127,0.132,8.7,0
2025-04-25,26.7,1.9,0.127,0.132,9.8,0
2025-04-26,27.0,0.5,0.127,0.132,9.8,0
2025-04-27,28.8,0.0,0.127,0.132,8.3,0
2025-04-28,31.3,0.0,0.127,0.132,3.5999999999999996,0
2025-04-29,33.1,0.0,0.126,0.132,3.3,0
2025-04-30,32.7,0.0,0.126,0.132,3.3,0
2025-05-01,36.0,0.1,0.126,0.132,3.4,1
2025-05-02,31.5,0.0,0.126,0.132,3.4,0
2025-05-03,30.3,0.0,0.126,0.132,3.4,0
2025-05-04,32.0,0.0,0.126,0.132,3.4,0
2025-05-05,23.2,1.0,0.126,0.132,4.4,0
2025-05-06,29.2,0.0,0.126,0.132,4.4,0
2025-05-07,31.9,0.0,0.126,0.132,3.5,0
2025-05-08,33.8,0.0,0.126,0.132,3.5,0
2025-05-09,33.9,0.0,0.125,0.132,1.6,0
2025-05-10,36.4,0.0,0.125,0.132,1.1,1
2025-05-11,36.0,0.0,0.125,0.132,1.1,1
2025-05-12,33.8,0.1,0.125,0.132,1.2000000000000002,0
2025-05-13,30.6,0.2,0.125,0.132,1.4000000000000001,0
2025-05-14,29.6,1.0,0.125,0.132,2.4000000000000004,0
2025-05-15,29.3,1.8,0.125,0.132,4.1,0
2025-05-16,30.9,0.0,0.124,0.131,4.1,0
2025-05-17,35.3,0.0,0.124,0.131,4.1,1
2025-05-18,38.5,0.0,0.124,0.131,4.1,1
2025-05-19,34.1,0.0,0.124,0.131,3.1,1
2025-05-20,34.7,0.0,0.124,0.131,3.1,1
2025-05-21,36.3,0.0,0.124,0.131,3.1,1
2025-05-22,37.4,0.0,0.124,0.131,3.1,1
2025-05-23,38.6,0.0,0.124,0.131,3.1,1
2025-05-24,39.1,0.0,0.124,0.131,3.1,1
2025-05-25,39.7,0.0,0.123,0.131,3.1,1
2025-05-26,39.8,0.0,0.123,0.131,3.0,1
2025-05-27,41.2,0.0,0.123,0.131,2.8000000000000003,1
2025-05-28,34.6,0.0,0.123,0.131,1.8000000000000003,1
2025-05-29,32.3,0.0,0.123,0.131,0.0,0
2025-05-30,31.1,0.0,0.123,0.131,0.0,0
2025-05-31,34.5,0.0,0.123,0.131,0.0,1
2025-06-01,37.2,0.0,0.123,0.131,0.0,1
2025-06-02,32.1,0.0,0.123,0.131,0.0,0
2025-06-03,33.6,0.0,0.123,0.131,0.0,0
2025-06-04,34.5,0.0,0.123,0.131,0.0,1
2025-06-05,36.2,0.0,0.122,0.131,0.0,1
2025-06-06,37.5,0.0,0.122,0.131,0.0,1
2025-06-07,39.1,0.0,0.122,0.131,0.0,1
2025-06-08,38.4,0.0,0.122,0.131,0.0,1
2025-06-09,39.0,0.0,0.122,0.131,0.0,1
2025-06-10,41.4,0.0,0.122,0.131,0.0,1
2025-06-11,42.3,0.0,0.123,0.131,0.0,1
2025-06-12,43.0,0.0,0.123,0.131,0.0,1
2025-06-13,43.4,0.0,0.123,0.131,0.0,1
2025-06-14,40.9,0.0,0.123,0.131,0.0,1
2025-06-15,40.0,0.0,0.123,0.131,0.0,1
2025-06-16,36.1,0.0,0.123,0.131,0.0,1
2025-06-17,35.2,0.0,0.123,0.131,0.0,1
2025-06-18,36.8,0.0,0.122,0.131,0.0,1
2025-06-19,39.5,0.0,0.122,0.131,0.0,1
2025-06-20,40.3,0.0,0.122,0.131,0.0,1
2025-06-21,40.6,0.0,0.122,0.131,0.0,1
2025-06-22,40.0,0.0,0.122,0.131,0.0,1
2025-06-23,38.9,0.0,0.122,0.131,0.0,1
2025-06-24,40.1,0.0,0.124,0.131,0.0,1
2025-06-25,42.6,0.0,0.124,0.131,0.0,1
2025-06-26,42.7,0.0,0.124,0.131,0.0,1
2025-06-27,44.7,0.0,0.124,0.131,0.0,1
2025-06-28,44.4,0.0,0.124,0.131,0.0,1
2025-06-29,41.5,0.0,0.124,0.131,0.0,1
2025-06-30,34.4,0.0,0.124,0.131,0.0,1
2025-07-01,38.3,0.0,0.125,0.131,0.0,1
2025-07-02,39.6,0.0,0.127,0.131,0.0,1
2025-07-03,37.1,0.0,0.128,0.131,0.0,1
2025-07-04,34.8,0.0,0.128,0.131,0.0,1
2025-07-05,35.6,0.0,0.128,0.131,0.0,1
2025-07-06,39.4,0.0,0.128,0.131,0.0,1
2025-07-07,41.0,0.0,0.13,0.132,0.0,1
2025-07-08,41.6,0.0,0.13,0.132,0.0,1
2025-07-09,42.9,0.0,0.13,0.132,0.0,1
2025-07-10,43.4,0.0,0.13,0.132,0.0,1
2025-07-11,44.6,0.0,0.13,0.132,0.0,1
2025-07-12,45.5,0.0,0.13,0.132,0.0,1
2025-07-13,46.3,0.0,0.13,0.132,0.0,1
2025-07-14,45.0,0.0,0.13,0.132,0.0,1
2025-07-15,42.5,0.0,0.129,0.132,0.0,1
2025-07-16,38.3,0.0,0.129,0.132,0.0,1
2025-07-17,40.7,0.0,0.129,0.132,0.0,1
2025-07-18,42.8,0.0,0.129,0.132,0.0,1
2025-07-19,43.1,0.0,0.129,0.132,0.0,1
2025-07-20,41.6,0.0,0.129,0.132,0.0,1
2025-07-21,40.8,0.0,0.129,0.132,0.0,1
2025-07-22,43.7,0.0,0.129,0.132,0.0,1
2025-07-23,44.8,0.0,0.129,0.132,0.0,1
2025-07-24,46.7,0.0,0.128,0.132,0.0,1
2025-07-25,46.9,0.0,0.128,0.132,0.0,1
2025-07-26,46.5,0.0,0.128,0.132,0.0,1
2025-07-27,47.9,0.0,0.128,0.132,0.0,1
2025-07-28,46.8,0.0,0.128,0.132,0.0,1
2025-07-29,47.9,0.0,0.128,0.132,0.0,1
2025-07-30,46.2,0.0,0.128,0.132,0.0,1
2025-07-31,44.5,0.0,0.128,0.132,0.0,1
2025-08-01,40.0,0.0,0.128,0.132,0.0,1
2025-08-02,39.8,0.0,0.128,0.132,0.0,1
2025-08-03,40.8,0.0,0.128,0.132,0.0,1
2025-08-04,40.9,0.0,0.127,0.132,0.0,1
2025-08-05,40.0,0.0,0.127,0.132,0.0,1
2025-08-06,41.7,0.0,0.127,0.132,0.0,1
2025-08-07,40.1,0.0,0.127,0.132,0.0,1
2025-08-08,43.4,0.0,0.127,0.132,0.0,1
2025-08-09,45.0,0.0,0.127,0.132,0.0,1
2025-08-10,45.2,0.0,0.127,0.132,0.0,1
2025-08-11,44.2,0.0,0.127,0.132,0.0,1
2025-08-12,43.1,0.0,0.127,0.132,0.0,1
2025-08-13,43.1,0.0,0.127,0.132,0.0,1
2025-08-14,45.2,0.0,0.127,0.132,0.0,1
2025-08-15,44.7,0.0,0.126,0.132,0.0,1
2025-08-16,43.8,0.0,0.126,0.132,0.0,1
2025-08-17,39.5,0.0,0.126,0.132,0.0,1
2025-08-18,40.8,0.0,0.126,0.132,0.0,1
2025-08-19,39.9,0.0,0.126,0.132,0.0,1
2025-08-20,38.9,0.0,0.126,0.132,0.0,1
2025-08-21,40.7,0.0,0.126,0.132,0.0,1
2025-08-22,42.0,0.0,0.126,0.132,0.0,1
2025-08-23,42.4,0.0,0.126,0.132,0.0,1
2025-08-24,43.0,0.0,0.126,0.132,0.0,1
2025-08-25,40.6,0.0,0.126,0.132,0.0,1
2025-08-26,39.9,0.0,0.125,0.132,0.0,1
2025-08-27,38.8,0.0,0.125,0.132,0.0,1
2025-08-28,39.6,0.0,0.125,0.132,0.0,1
2025-08-29,37.9,0.0,0.125,0.132,0.0,1
2025-08-30,39.4,0.0,0.125,0.132,0.0,1
2025-08-31,36.4,0.0,0.125,0.132,0.0,1
2025-09-01,37.1,0.0,0.125,0.132,0.0,1
2025-09-02,40.0,0.0,0.125,0.132,0.0,1
2025-09-03,38.8,0.0,0.125,0.132,0.0,1
2025-09-04,36.3,0.0,0.125,0.132,0.0,1
2025-09-05,38.7,0.0,0.125,0.132,0.0,1
2025-09-06,37.9,0.0,0.124,0.132,0.0,1
2025-09-07,38.0,0.0,0.124,0.132,0.0,1
2025-09-08,37.3,0.0,0.124,0.132,0.0,1
2025-09-09,35.1,0.0,0.124,0.132,0.0,1
2025-09-10,35.5,0.0,0.124,0.132,0.0,1
2025-09-11,35.1,0.0,0.124,0.132,0.0,1
2025-09-12,35.1,0.0,0.124,0.132,0.0,1
2025-09-13,36.5,0.0,0.124,0.132,0.0,1
2025-09-14,37.8,0.0,0.124,0.132,0.0,1
2025-09-15,38.3,0.0,0.124,0.132,0.0,1
2025-09-16,37.5,0.0,0.124,0.132,0.0,1
2025-09-17,37.7,0.0,0.123,0.132,0.0,1
2025-09-18,37.9,0.0,0.123,0.132,0.0,1
2025-09-19,31.4,0.0,0.123,0.132,0.0,0
2025-09-20,32.5,0.0,0.123,0.132,0.0,0
2025-09-21,31.3,0.0,0.123,0.132,0.0,0
2025-09-22,31.2,0.0,0.123,0.132,0.0,0
2025-09-23,32.2,0.0,0.123,0.132,0.0,0
2025-09-24,33.9,0.0,0.123,0.132,0.0,0
2025-09-25,34.0,0.0,0.123,0.132,0.0,0
2025-09-26,35.3,0.0,0.123,0.132,0.0,1
2025-09-27,33.9,0.0,0.123,0.132,0.0,0
2025-09-28,33.5,0.0,0.122,0.132,0.0,0
2025-09-29,34.0,0.0,0.122,0.132,0.0,0
2025-09-30,31.3,0.0,0.122,0.132,0.0,0
2025-10-01,31.4,0.0,0.122,0.132,0.0,0
2025-10-02,31.5,0.0,0.122,0.132,0.0,0
2025-10-03,31.6,0.0,0.122,0.132,0.0,0
2025-10-04,33.3,0.0,0.122,0.132,0.0,0
2025-10-05,34.4,0.0,0.122,0.132,0.0,1
2025-10-06,33.3,0.0,0.122,0.132,0.0,0
2025-10-07,33.1,0.0,0.122,0.132,0.0,0
2025-10-08,32.4,0.0,0.122,0.132,0.0,0
2025-10-09,29.2,1.0,0.122,0.132,1.0000000000000002,0
2025-10-10,25.5,0.0,0.122,0.132,1.0000000000000002,0
2025-10-11,26.3,0.0,0.122,0.132,1.0000000000000002,0
2025-10-12,28.1,1.1,0.122,0.132,2.1000000000000005,0
2025-10-13,24.4,0.0,0.121,0.132,2.1000000000000005,0
2025-10-14,25.8,0.0,0.121,0.132,2.1000000000000005,0
2025-10-15,27.8,0.0,0.121,0.132,2.1000000000000005,0
2025-10-16,29.6,0.0,0.121,0.132,2.1000000000000005,0
2025-10-17,29.8,0.0,0.121,0.132,2.1000000000000005,0
2025-10-18,30.3,0.0,0.121,0.132,2.1000000000000005,0
2025-10-19,28.8,0.0,0.121,0.132,2.1000000000000005,0
2025-10-20,27.6,0.0,0.121,0.132,2.1000000000000005,0
2025-10-21,27.0,0.5,0.121,0.132,2.6000000000000005,0
2025-10-22,28.3,0.0,0.121,0.132,2.6000000000000005,0
2025-10-23,28.6,0.0,0.121,0.132,1.6000000000000003,0
2025-10-24,29.4,0.0,0.121,0.132,1.6000000000000003,0
2025-10-25,28.3,0.0,0.12,0.132,1.6000000000000003,0
2025-10-26,27.1,0.0,0.12,0.132,0.5000000000000002,0
2025-10-27,28.2,0.0,0.12,0.132,0.5000000000000002,0
2025-10-28,28.5,0.0,0.12,0.132,0.5000000000000002,0
2025-10-29,28.5,0.0,0.12,0.132,0.5000000000000002,0
2025-10-30,26.4,0.0,0.12,0.132,0.5000000000000002,0
2025-10-31,26.3,0.0,0.12,0.132,0.5000000000000002,0
2025-11-01,27.2,0.0,0.12,0.132,0.5000000000000002,0
2025-11-02,27.3,0.0,0.119,0.132,0.5000000000000002,0
2025-11-03,27.2,0.0,0.119,0.132,0.5000000000000002,0
2025-11-04,28.5,0.0,0.119,0.132,0.0,0
2025-11-05,27.9,0.0,0.119,0.132,0.0,0
2025-11-06,28.9,0.0,0.119,0.132,0.0,0
2025-11-07,28.8,0.0,0.119,0.132,0.0,0
2025-11-08,29.0,0.0,0.119,0.132,0.0,0
2025-11-09,29.0,0.0,0.119,0.132,0.0,0
2025-11-10,28.6,0.0,0.119,0.132,0.0,0
2025-11-11,27.0,0.0,0.119,0.132,0.0,0
2025-11-12,26.3,0.0,0.119,0.132,0.0,0
2025-11-13,24.9,0.0,0.118,0.132,0.0,0
2025-11-14,23.7,1.0,0.118,0.132,1.0000000000000002,0
2025-11-15,18.9,12.5,0.118,0.132,13.5,0
2025-11-16,13.5,3.1,0.123,0.132,16.6,0
2025-11-17,16.1,0.0,0.131,0.132,16.6,0
2025-11-18,18.2,0.0,0.139,0.132,16.6,0
2025-11-19,19.0,0.0,0.144,0.132,16.6,0
2025-11-20,19.6,0.0,0.135,0.132,16.6,0
2025-11-21,21.4,0.0,0.131,0.132,16.6,0
2025-11-22,23.1,0.0,0.131,0.132,16.6,0
2025-11-23,21.1,0.0,0.131,0.132,16.6,0
2025-11-24,19.8,0.0,0.131,0.132,16.6,0
2025-11-25,20.2,0.0,0.131,0.132,16.6,0
2025-11-26,19.4,1.0,0.131,0.132,17.6,0
2025-11-27,19.4,0.0,0.131,0.132,17.6,0
2025-11-28,20.0,0.0,0.131,0.132,16.6,0
2025-11-29,20.6,0.0,0.131,0.132,4.1,0
2025-11-30,21.2,0.0,0.13,0.132,1.0,0
2025-12-01,19.8,0.0,0.13,0.132,1.0,0
2025-12-02,18.5,0.0,0.13,0.132,1.0,0
2025-12-03,18.3,0.0,0.13,0.132,1.0,0
2025-12-04,17.4,0.0,0.13,0.132,1.0,0
2025-12-05,19.1,0.0,0.13,0.132,1.0,0
2025-12-06,18.6,3.1,0.129,0.132,4.1,0
2025-12-07,16.7,14.8,0.129,0.132,18.9,0
2025-12-08,17.2,4.0,0.129,0.132,22.9,0
2025-12-09,15.5,1.0,0.129,0.132,23.9,0
2025-12-10,15.5,0.0,0.129,0.132,22.9,0
2025-12-11,12.1,7.7,0.13,0.132,30.6,0
2025-12-12,12.7,17.0,0.144,0.132,47.6,0
2025-12-13,15.1,0.0,0.172,0.132,47.6,0
2025-12-14,15.2,0.0,0.179,0.132,47.6,0
2025-12-15,10.7,7.9,0.184,0.132,55.5,0
2025-12-16,11.1,4.3,0.191,0.132,59.800000000000004,0
2025-12-17,16.3,0.1,0.201,0.132,59.9,0
2025-12-18,14.8,0.0,0.209,0.132,59.9,0
2025-12-19,16.4,0.0,0.211,0.132,59.9,0
2025-12-20,14.7,0.0,0.212,0.132,56.8,0
2025-12-21,13.2,0.0,0.212,0.132,42.0,0
2025-12-22,14.5,0.0,0.213,0.132,38.0,0
2025-12-23,13.7,0.0,0.213,0.133,37.0,0
2025-12-24,14.4,0.0,0.213,0.133,37.0,0
2025-12-25,13.8,0.0,0.212,0.132,29.3,0
2025-12-26,12.5,0.0,0.21,0.129,12.3,0
2025-12-27,11.7,12.0,0.212,0.128,24.3,0
2025-12-28,9.6,0.2,0.234,0.128,24.5,0
2025-12-29,3.0,7.0,0.243,0.128,23.6,0
2025-12-30,6.0,0.0,0.252,0.129,19.3,0
2025-12-31,4.4,5.5,0.255,0.129,24.7,0
